grup,subset,n_citra,pola,contoh_stem
night-traffic-9_mp4,test,53,tunggal,night-traffic-9_mp4-0000
night-traffic-5_mp4,test,43,tunggal,night-traffic-5_mp4-0000
Recording 2025-08-25 114243_mp4,test,37,tunggal,Recording 2025-08-25 114243_mp4-0000
night-traffic-13_mp4,test,33,tunggal,night-traffic-13_mp4-0000
video-1186x666,test,27,frame-video,frame_000000
gol3,test,18,tunggal,gol3_10
gol4,test,14,tunggal,gol4_10
sesi-20210319,test,9,cctv-timestamp,202103190329292
sesi-20210414,test,9,cctv-timestamp,202104141335170
101,test,7,tunggal,101_1184
hqdefault,test,7,tunggal,hqdefault-1
IMG,test,7,tunggal,IMG-0086
maxresdefault,test,7,tunggal,maxresdefault-12
sesi-20210217,test,5,cctv-timestamp,202102179155180
sesi-20210407,test,5,cctv-timestamp,202104071064186
sesi-20210409,test,5,cctv-timestamp,202104091169975
sesi-20210411,test,5,cctv-timestamp,202104111224738
sesi-20210412,test,5,cctv-timestamp,202104121258726
sesi-20210416,test,5,cctv-timestamp,202104161432578
sesi-20210419,test,5,cctv-timestamp,202104191536509
Bus-Damri,test,5,tunggal,Bus-Damri-2
2005-mitsubishi-fuso-fm260-18ft-dies,test,4,tunggal,2005-mitsubishi-fuso-fm260-18ft-dies-2
sesi-20210420,test,4,cctv-timestamp,202104201585510
bak-2Btruk-2Bwarna-2Bkuning-2Bmerah,test,3,tunggal,bak-2Btruk-2Bwarna-2Bkuning-2Bmerah-1
001,test,2,tunggal,001--1-
1,test,2,tunggal,1_1
sesi-20200513,test,2,cctv-timestamp,202005139300424
sesi-20201026,test,2,cctv-timestamp,202010265448683
sesi-20201211,test,2,cctv-timestamp,202012116998536
cutting-sticker-truck-canter-kuning,test,2,tunggal,cutting-sticker-truck-canter-kuning-3
IMG_5455,test,2,tunggal,IMG_5455-1
damri-airport-bus-gambir,test,1,tunggal,damri-airport-bus-gambir-01
Damri-Royal-Class,test,1,tunggal,Damri-Royal-Class-71
2,train,414,tunggal,2_1000
video-1920x1080,train,375,frame-video,frame_000000
video-640x640,train,303,frame-video,frame_000000
video-2560x1440,train,132,frame-video,frame_000000
video-596x336,train,84,frame-video,frame_000000
video-898x506,train,60,frame-video,frame_000000
video-1908x1074,train,51,frame-video,frame_000000
video-1896x1072,train,51,frame-video,frame_000000
gol2,train,51,tunggal,gol2_10
Recording 2025-08-25 113001_mp4,train,50,tunggal,Recording 2025-08-25 113001_mp4-0000
video-1912x1074,train,49,frame-video,frame_000000
video-1440x1080,train,49,frame-video,frame_000000
video-824x650,train,44,frame-video,frame_000161
-3163ca687f,train,1,tunggal,-3163ca687f
-_57,train,1,tunggal,-_57
-c7cae33d7d,train,1,tunggal,-c7cae33d7d
-e38a6febcc,train,1,tunggal,-e38a6febcc
-f6070acc85,train,1,tunggal,-f6070acc85
0000147617-e4eb190337827f8bbbcc9317d,train,1,tunggal,0000147617-e4eb190337827f8bbbcc9317d
0000161190-eff4a7d6440628a6ed58e9d9a,train,1,tunggal,0000161190-eff4a7d6440628a6ed58e9d9a
0046490bus1780x390,train,1,tunggal,0046490bus1780x390
010_LS25,train,1,tunggal,010_LS25
013877-1-lg,train,1,tunggal,013877-1-lg
018,train,1,tunggal,018
031213065446,train,1,tunggal,031213065446
031213082113,train,1,tunggal,031213082113
077006000_1466184933-kepala_kuning,train,1,tunggal,077006000_1466184933-kepala_kuning
0ed5b30d578ecfa7a65f-1296x954,train,1,tunggal,0ed5b30d578ecfa7a65f-1296x954
1048309-1000xauto-bus-klub-indonesia,train,1,tunggal,1048309-1000xauto-bus-klub-indonesia
10486057103_d8a7fd109b_b,train,1,tunggal,10486057103_d8a7fd109b_b
10_JPG,train,1,tunggal,10_JPG
1131506fuso1780x390,train,1,tunggal,1131506fuso1780x390
11546_Sb4733,train,1,tunggal,11546_Sb4733_14
12745909_911990905563681,train,1,tunggal,12745909_911990905563681_71866727339
12988780_MTAwMC03OTUtYTcxNGRiOGUwZQ,train,1,tunggal,12988780_MTAwMC03OTUtYTcxNGRiOGUwZQ
1365-,train,1,tunggal,1365-
13661875-825756007524474,train,1,tunggal,13661875-825756007524474-53594221530
1500x500,train,1,tunggal,1500x500
1553233damri780x390,train,1,tunggal,1553233damri780x390
1559104773084_png,train,1,tunggal,1559104773084_png
15690333345d858c76c4523_1--2-_jpeg,train,1,tunggal,15690333345d858c76c4523_1--2-_jpeg
15832118185e5de52ab6203_1_jpeg,train,1,tunggal,15832118185e5de52ab6203_1_jpeg
15838034105e66ec12e5fcb_1_jpeg,train,1,tunggal,15838034105e66ec12e5fcb_1_jpeg
1585052231_bigbus1-jpg,train,1,tunggal,1585052231_bigbus1-jpg
15865708705e912676c62ec_1_jpeg,train,1,tunggal,15865708705e912676c62ec_1_jpeg
1598286031-20130714_082914-1024x768,train,1,tunggal,1598286031-20130714_082914-1024x768
1606141526137-damri,train,1,tunggal,1606141526137-damri
16095712995ff01be38f194_1_jpeg,train,1,tunggal,16095712995ff01be38f194_1_jpeg
16100655265ff7a67692bbe_1_jpeg,train,1,tunggal,16100655265ff7a67692bbe_1_jpeg
16106091855ffff2217285d_1--2-_jpeg,train,1,tunggal,16106091855ffff2217285d_1--2-_jpeg
16127363856_2a23581a99_b,train,1,tunggal,16127363856_2a23581a99_b-0
161483562560406fa90b7d6_1_jpeg,train,1,tunggal,161483562560406fa90b7d6_1_jpeg
1616649101605c1b8d5bded_1_jpeg,train,1,tunggal,1616649101605c1b8d5bded_1_jpeg
17828_5789ACS01,train,1,tunggal,17828_5789ACS01_2
17828_5789AHS01_17,train,1,tunggal,17828_5789AHS01_17-1
17828_6080AFS01_7,train,1,tunggal,17828_6080AFS01_7-1
1839353249,train,1,tunggal,1839353249
184,train,1,tunggal,184-07
19575a5n4f,train,1,tunggal,19575a5n4f
1986-Mitsubishi-FM_34050076-l,train,1,tunggal,1986-Mitsubishi-FM_34050076-l
1990-mitsubishi-fuso-fk-flatbed-dump,train,1,tunggal,1990-mitsubishi-fuso-fk-flatbed-dump
1992-Mitsubishi-FUSO-Fighter-private,train,1,tunggal,1992-Mitsubishi-FUSO-Fighter-private
1992-Mitsubishi-Great-10-Wheeler-Dum,train,1,tunggal,1992-Mitsubishi-Great-10-Wheeler-Dum
1997-mitsubishi-fuso-fh211-20-ft-box,train,1,tunggal,1997-mitsubishi-fuso-fh211-20-ft-box
1997_mitsubishi_fuso_cab_over_box_tr,train,1,tunggal,1997_mitsubishi_fuso_cab_over_box_tr-1
1BCE466D-FE13-4738-8CE1-752980A1622F,train,1,tunggal,1BCE466D-FE13-4738-8CE1-752980A1622F
2000-Mitsubishi-Fuso-68-3886156,train,1,tunggal,2000-Mitsubishi-Fuso-68-3886156_1
2000-mitsubishi-fuso-fe639-diesel-bo,train,1,tunggal,2000-mitsubishi-fuso-fe639-diesel-bo
2000-mitsubishi-fuso-fm617-box-truck,train,1,tunggal,2000-mitsubishi-fuso-fm617-box-truck
2003-mitsubishi-fuso-box-truck,train,1,tunggal,2003-mitsubishi-fuso-box-truck-26253
2004-mitsubishi-fuso-box-van-body-tr,train,1,tunggal,2004-mitsubishi-fuso-box-van-body-tr
2006-mitsubishi-fuso-fe140-16-box-tr,train,1,tunggal,2006-mitsubishi-fuso-fe140-16-box-tr
2006-mitsubishi-fuso-fm260-cars-in-r,train,1,tunggal,2006-mitsubishi-fuso-fm260-cars-in-r
2007-mitsubishi-fuso-fe-140-landscap,train,1,tunggal,2007-mitsubishi-fuso-fe-140-landscap-1
2007-Mitsubishi-Fuso-Fighter-FK600,train,1,tunggal,2007-Mitsubishi-Fuso-Fighter-FK600_5
2007-mitsubishi-fuso-fk200-24ft-box,train,1,tunggal,2007-mitsubishi-fuso-fk200-24ft-box-1
2008-mitsubishi-fuso-wrecker-tow-tru,train,1,tunggal,2008-mitsubishi-fuso-wrecker-tow-tru-1
2010-mitsubishi-fuso-fe145-12ft-box,train,1,tunggal,2010-mitsubishi-fuso-fe145-12ft-box-1
2010-mitsubishi-fuso-fe145-12ft-box-,train,1,tunggal,2010-mitsubishi-fuso-fe145-12ft-box-
2011-03-03,train,1,tunggal,2011-03-03-037
2012-04-08-16-00-45-Copy,train,1,tunggal,2012-04-08-16-00-45-Copy
2012-05-19-14-47,train,1,tunggal,2012-05-19-14-47-41
2012-11-26-09-11-19,train,1,tunggal,2012-11-26-09-11-19-2
2012-mitsubishi-fuso-canter-fe160-du,train,1,tunggal,2012-mitsubishi-fuso-canter-fe160-du
2013-Mitsubishi-18ft-Refrigerated-Va,train,1,tunggal,2013-Mitsubishi-18ft-Refrigerated-Va
2013-Mitsubishi-Fuso-Canter-7C15-PBU,train,1,tunggal,2013-Mitsubishi-Fuso-Canter-7C15-PBU
20130601,train,1,tunggal,20130601_104548
20130712092311711,train,1,tunggal,20130712092311711
2014-mitsubishi-canter-truck-7mnuxba,train,1,tunggal,2014-mitsubishi-canter-truck-7mnuxba
2014-mitsubishi-fuso-fe160-14-feet-b,train,1,tunggal,2014-mitsubishi-fuso-fe160-14-feet-b
2015-Mitsubishi-Fuso-Canter-7C15-4x2,train,1,tunggal,2015-Mitsubishi-Fuso-Canter-7C15-4x2-1
2015-mitsubishi-fuso-fe180-dual-tech,train,1,tunggal,2015-mitsubishi-fuso-fe180-dual-tech
20161205bandara-soetta-tingkatkan-pe,train,1,tunggal,20161205bandara-soetta-tingkatkan-pe
2016_Pink_Bus_Side_2-5694faf30153d,train,1,tunggal,2016_Pink_Bus_Side_2-5694faf30153d
201707170712_fuso-1024x512,train,1,tunggal,201707170712_fuso-1024x512
20170820170814udtrucks-2-1024x542,train,1,tunggal,20170820170814udtrucks-2-1024x542
20170820170831fuso-1-1024x674,train,1,tunggal,20170820170831fuso-1-1024x674
20171120171117volvo,train,1,tunggal,20171120171117volvo-2
sesi-20180215,train,1,cctv-timestamp,201802153766039
sesi-20181109,train,1,cctv-timestamp,201811092280624
sesi-20181121,train,1,cctv-timestamp,201811212628734
sesi-20190219,train,1,cctv-timestamp,201902195101581
sesi-20190718,train,1,cctv-timestamp,201907180193097
sesi-20190829,train,1,cctv-timestamp,201908291631929
sesi-20191002,train,1,cctv-timestamp,201910022856907
sesi-20191127,train,1,cctv-timestamp,201911274791996
sesi-20191206,train,1,cctv-timestamp,201912065091481
sesi-20200106,train,1,cctv-timestamp,202001065830933
sesi-20200131,train,1,cctv-timestamp,202001316814739
sesi-20200207,train,1,cctv-timestamp,202002077047573
sesi-20200219,train,1,cctv-timestamp,202002197506403
sesi-20200309,train,1,cctv-timestamp,202003098200296
sesi-20200311,train,1,cctv-timestamp,202003118281574
sesi-20200327,train,1,cctv-timestamp,202003278769684
sesi-20200409,train,1,cctv-timestamp,202004098907520
sesi-20200515,train,1,cctv-timestamp,202005159339270
sesi-20200520,train,1,cctv-timestamp,202005209438910
sesi-20200602,train,1,cctv-timestamp,202006029718364
sesi-20200623,train,1,cctv-timestamp,202006230427756
20200917144648814126,train,1,tunggal,20200917144648814126
sesi-20200922,train,1,cctv-timestamp,202009224056905
sesi-20200928,train,1,cctv-timestamp,202009284297022
sesi-20200929,train,1,cctv-timestamp,202009294341174
sesi-20201003,train,1,cctv-timestamp,202010034560843
sesi-20201005,train,1,cctv-timestamp,202010054625092
sesi-20201012,train,1,cctv-timestamp,202010124912669
sesi-20201015,train,1,cctv-timestamp,202010155026858
sesi-20201022,train,1,cctv-timestamp,202010225303345
sesi-20201027,train,1,cctv-timestamp,202010275477424
sesi-20201028,train,1,cctv-timestamp,202010285539616
sesi-20201031,train,1,cctv-timestamp,202010315642930
sesi-20201103,train,1,cctv-timestamp,202011035740338
sesi-20201110,train,1,cctv-timestamp,202011105965869
sesi-20201114,train,1,cctv-timestamp,202011146111399
sesi-20201115,train,1,cctv-timestamp,202011156136945
sesi-20201116,train,1,cctv-timestamp,202011166161501
sesi-20201124,train,1,cctv-timestamp,202011246441650
sesi-20201126,train,1,cctv-timestamp,202011266499977
sesi-20201127,train,1,cctv-timestamp,202011276557437
sesi-20201207,train,1,cctv-timestamp,202012076844565
sesi-20201208,train,1,cctv-timestamp,202012086910997
sesi-20201210,train,1,cctv-timestamp,202012106961192
20201222,train,1,tunggal,20201222_173741
sesi-20201223,train,1,cctv-timestamp,202012237363017
sesi-20201231,train,1,cctv-timestamp,202012317526123
sesi-20210105,train,1,cctv-timestamp,202101057649698
sesi-20210111,train,1,cctv-timestamp,202101117854072
sesi-20210115,train,1,cctv-timestamp,202101157995164
sesi-20210117,train,1,cctv-timestamp,202101178052430
sesi-20210118,train,1,cctv-timestamp,202101188092986
sesi-20210121,train,1,cctv-timestamp,202101218224836
sesi-20210125,train,1,cctv-timestamp,202101258335334
sesi-20210128,train,1,cctv-timestamp,202101288451078
sesi-20210129,train,1,cctv-timestamp,202101298479349
sesi-20210201,train,1,cctv-timestamp,202102018569862
sesi-20210202,train,1,cctv-timestamp,202102028602051
sesi-20210206,train,1,cctv-timestamp,202102068761775
sesi-20210209,train,1,cctv-timestamp,202102098864097
sesi-20210218,train,1,cctv-timestamp,202102189193726
sesi-20210220,train,1,cctv-timestamp,202102209293325
sesi-20210226,train,1,cctv-timestamp,202102269503105
sesi-20210304,train,1,cctv-timestamp,202103049744596
sesi-20210305,train,1,cctv-timestamp,202103059768642
sesi-20210310,train,1,cctv-timestamp,202103109969901
sesi-20210318,train,1,cctv-timestamp,202103180278566
sesi-20210325,train,1,cctv-timestamp,202103250579964
sesi-20210330,train,1,cctv-timestamp,202103300774562
sesi-20210401,train,1,cctv-timestamp,202104010878926
sesi-20210402,train,1,cctv-timestamp,202104020885875
sesi-20210410,train,1,cctv-timestamp,202104101196294
sesi-20210413,train,1,cctv-timestamp,202104131320662
sesi-20210418,train,1,cctv-timestamp,202104181520360
20210423_181435-min,train,1,tunggal,20210423_181435-min
20210501_130056-min,train,1,tunggal,20210501_130056-min
20220912_15_1159286_L,train,1,tunggal,20220912_15_1159286_L
2075377982,train,1,tunggal,2075377982
21452_NT130964_2,train,1,tunggal,21452_NT130964_2-1
21452_NT789-1_19,train,1,tunggal,21452_NT789-1_19-1
2234,train,1,tunggal,2234
23-seat-Tata-LP-713-Bus-at-the-2014,train,1,tunggal,23-seat-Tata-LP-713-Bus-at-the-2014-1
23-seat-Tata-LP-713-Bus-at-the,train,1,tunggal,23-seat-Tata-LP-713-Bus-at-the-2014-
2351,train,1,tunggal,2351
251182_1540554861-image-1400x_-,train,1,tunggal,251182_1540554861-image-1400x_-
251303023,train,1,tunggal,251303023
25397-colt-fe-truk-mitsubishi-colt-d,train,1,tunggal,25397-colt-fe-truk-mitsubishi-colt-d
25500645403_140c32cac6_b,train,1,tunggal,25500645403_140c32cac6_b
25581093607_1fd0c115c1_b,train,1,tunggal,25581093607_1fd0c115c1_b
272,train,1,tunggal,272
2788_1807600,train,1,tunggal,2788_1807600_1
28195696955_7921782be8_b,train,1,tunggal,28195696955_7921782be8_b
30087455_211830202737680,train,1,tunggal,30087455_211830202737680_98609079714
30364,train,1,tunggal,30364-1
3040974006,train,1,tunggal,3040974006
3059_en_43493_17596_fuso_canter_fg4x,train,1,tunggal,3059_en_43493_17596_fuso_canter_fg4x
3090,train,1,tunggal,3090-76
3096,train,1,tunggal,3096
313510045_orig,train,1,tunggal,313510045_orig
3173ec56-a792-47ff-9b18-79fc37729b95,train,1,tunggal,3173ec56-a792-47ff-9b18-79fc37729b95
339061953_orig,train,1,tunggal,339061953_orig
33921_medium_buskota,train,1,tunggal,33921_medium_buskota
345,train,1,tunggal,345_2532
3496818818,train,1,tunggal,3496818818
3534274-foto-camion,train,1,tunggal,3534274-foto-camion
36037303454_61d2a1e258_b,train,1,tunggal,36037303454_61d2a1e258_b
381000_2406796385471_544157989_n,train,1,tunggal,381000_2406796385471_544157989_n
394,train,1,tunggal,394
41728_53604,train,1,tunggal,41728_53604_276708
4209015271,train,1,tunggal,4209015271
4261621862,train,1,tunggal,4261621862
46966483_10217460955892048,train,1,tunggal,46966483_10217460955892048_106050568
494,train,1,tunggal,494
5-Fighter,train,1,tunggal,5-Fighter
51786026,train,1,tunggal,51786026_303
52ae17e56be11283d297b124bdf4c65c,train,1,tunggal,52ae17e56be11283d297b124bdf4c65c-1
57877d,train,1,tunggal,57877d
59ae4f1e1759ef51024bbe3162d3eac0,train,1,tunggal,59ae4f1e1759ef51024bbe3162d3eac0
5bebae449da3571a3c784f34,train,1,tunggal,5bebae449da3571a3c784f34
5e70c09022be7,train,1,tunggal,5e70c09022be7
5ede2220cb901,train,1,tunggal,5ede2220cb901
5f33b93e9cb5c,train,1,tunggal,5f33b93e9cb5c
5f630068e794c-jpg,train,1,tunggal,5f630068e794c-jpg
5fba3f3edd01a7189143f89d80efb5a8,train,1,tunggal,5fba3f3edd01a7189143f89d80efb5a8
5fc5f27b748a8,train,1,tunggal,5fc5f27b748a8
6007950747,train,1,tunggal,6007950747
60a56bfcc7a8f59d9b5985b53a1ecc9a,train,1,tunggal,60a56bfcc7a8f59d9b5985b53a1ecc9a
616269383,train,1,tunggal,616269383
6320646c88aca-generasi-terbaru-dari-,train,1,tunggal,6320646c88aca-generasi-terbaru-dari-
636832352732222710,train,1,tunggal,636832352732222710-1405
636c52a2-2185-61da-7f4f69e6100998dd,train,1,tunggal,636c52a2-2185-61da-7f4f69e6100998dd
65827a,train,1,tunggal,65827a
662019142246,train,1,tunggal,662019142246
6684191573_bee7dbfb3b_b,train,1,tunggal,6684191573_bee7dbfb3b_b
6ed4bc32-ec4f-475a-996d-64ad159da3ea,train,1,tunggal,6ed4bc32-ec4f-475a-996d-64ad159da3ea
6f97809c162a11a11a2d97b41fa0ac93,train,1,tunggal,6f97809c162a11a11a2d97b41fa0ac93
70007041023020121601000,train,1,tunggal,70007041023020121601000
7003032861,train,1,tunggal,7003032861
7730989228_e36788142f_k,train,1,tunggal,7730989228_e36788142f_k
78cbb800f39547482264de1748600fc3,train,1,tunggal,78cbb800f39547482264de1748600fc3-1
800px-000672_-_Autob-C3-BAs,train,1,tunggal,800px-000672_-_Autob-C3-BAs
830005_2_original,train,1,tunggal,830005_2_original
847666-2012-mitsubishi-fuso-super-gr,train,1,tunggal,847666-2012-mitsubishi-fuso-super-gr
849x493q70greg-busStrike,train,1,tunggal,849x493q70greg-busStrike
8817,train,1,tunggal,8817
8e122b9b28dc5f426486-1296x954,train,1,tunggal,8e122b9b28dc5f426486-1296x954
9041,train,1,tunggal,9041_1413578135698
91247a,train,1,tunggal,91247a
999589157,train,1,tunggal,999589157_7
a-man-walks-near-container-trucks-which-were-damaged-after-c,train,1,tunggal,a-man-walks-near-container-trucks-which-were-damaged-after-c
a-maritime-truck-hauling-a-hyundai-shipping-container-along-,train,1,tunggal,a-maritime-truck-hauling-a-hyundai-shipping-container-along-
a-security-official-stands-near-an-oil-tanker-that-was-set-a,train,1,tunggal,a-security-official-stands-near-an-oil-tanker-that-was-set-a
a79d604a-4711-4d86-a9bd-70a15cdc7243,train,1,tunggal,a79d604a-4711-4d86-a9bd-70a15cdc7243
aaf1bbc83654f71150d7bed74ecaa91e,train,1,tunggal,aaf1bbc83654f71150d7bed74ecaa91e
ad-assets-2F17828-5812AIS01-2Ffield,train,1,tunggal,ad-assets-2F17828-5812AIS01-2Ffield
ad-assets-2F2020-08-2F1597034527_ctt,train,1,tunggal,ad-assets-2F2020-08-2F1597034527_ctt
AEN20190704001900320_01_i_P4,train,1,tunggal,AEN20190704001900320_01_i_P4
AIJ9PX6BsuqqhEPqhpS9jvYhel0GgB0rqD-S,train,1,tunggal,AIJ9PX6BsuqqhEPqhpS9jvYhel0GgB0rqD-S
antarafoto-ekspor-bus-ke-bangladesh-,train,1,tunggal,antarafoto-ekspor-bus-ke-bangladesh-
arctic-bus-landmannalaugar,train,1,tunggal,arctic-bus-landmannalaugar
armada-bus-damri,train,1,tunggal,armada-bus-damri
Armada-Bus-Sehat-DAMRI-2-780x470,train,1,tunggal,Armada-Bus-Sehat-DAMRI-2-780x470
armada-damri-kini-dilengkapi-ion-pla,train,1,tunggal,armada-damri-kini-dilengkapi-ion-pla
as,train,1,tunggal,as_10
au_vehicles-8355,train,1,tunggal,au_vehicles-8355-2
avg2_59x,train,1,tunggal,avg2_59x_01112020
B-Britpave23223Index4,train,1,tunggal,B-Britpave23223Index4
b3026ca24c27e4205677f61bb2b4e697,train,1,tunggal,b3026ca24c27e4205677f61bb2b4e697
b88a009c-f8b1-4b82-bfda-1a76f774cf52,train,1,tunggal,b88a009c-f8b1-4b82-bfda-1a76f774cf52
B_lions_city,train,1,tunggal,B_lions_city_02
B_lions_city_cng,train,1,tunggal,B_lions_city_cng
bak-2Btruk-2Birsyad-2Bputra,train,1,tunggal,bak-2Btruk-2Birsyad-2Bputra
bak-truk-2B-25283,train,1,tunggal,bak-truk-2B-25283-2529
bak-truk-subah,train,1,tunggal,bak-truk-subah-1
banjir-jakarta-bus-damri-rute-bandar,train,1,tunggal,banjir-jakarta-bus-damri-rute-bandar
batambicara-id-kembali-beroperasiona,train,1,tunggal,batambicara-id-kembali-beroperasiona
bd641e5b2a4baeb6065d59537cff6f8f,train,1,tunggal,bd641e5b2a4baeb6065d59537cff6f8f
bd7406e99e25231acc59a1e7a821a6b6,train,1,tunggal,bd7406e99e25231acc59a1e7a821a6b6
Beverage-Trucks-Mitsubishi-Fuso-FG,train,1,tunggal,Beverage-Trucks-Mitsubishi-Fuso-FG-1
big-bus-tour-dubai,train,1,tunggal,big-bus-tour-dubai
bis-damri-56f691fd927a61d208fdbaf7,train,1,tunggal,bis-damri-56f691fd927a61d208fdbaf7
BIS,train,1,tunggal,BIS
boarding-the-126-bus-in-hobjpeg-4bf5,train,1,tunggal,boarding-the-126-bus-in-hobjpeg-4bf5
bs21-home,train,1,tunggal,bs21-home-01
bs,train,1,tunggal,bs
Bus-2BDamri,train,1,tunggal,Bus-2BDamri-1
Bus-2BDamri-2BBandara,train,1,tunggal,Bus-2BDamri-2BBandara
bus-2Bdamri-2Bbandung-2B-2Bkuningan,train,1,tunggal,bus-2Bdamri-2Bbandung-2B-2Bkuningan
bus-2Bdamri-2Bbandung,train,1,tunggal,bus-2Bdamri-2Bbandung
bus-2Bdamri-2Bbogor,train,1,tunggal,bus-2Bdamri-2Bbogor
Bus-2BDamri-2BJakarta-2B2,train,1,tunggal,Bus-2BDamri-2BJakarta-2B2
BUS-2BDAMRI-2BKEMAYORAN,train,1,tunggal,BUS-2BDAMRI-2BKEMAYORAN
bus-2Bdamri-2Bpariwisata1-2B08227227,train,1,tunggal,bus-2Bdamri-2Bpariwisata1-2B08227227
bus-2Bdamri-2Bpariwisata3-2B08227227,train,1,tunggal,bus-2Bdamri-2Bpariwisata3-2B08227227
bus-2Bdamri-2Bpariwisata4-2B08227227,train,1,tunggal,bus-2Bdamri-2Bpariwisata4-2B08227227
bus-2Bdamri-2Bpariwisata5-2B08227227,train,1,tunggal,bus-2Bdamri-2Bpariwisata5-2B08227227
bus-2Bdamri-2Bpariwisata51-2Bmedium-,train,1,tunggal,bus-2Bdamri-2Bpariwisata51-2Bmedium-
bus-2Bdamri-min,train,1,tunggal,bus-2Bdamri-min
bus-2Bdamri,train,1,tunggal,bus-2Bdamri
bus-bandara-soetta-disetop-pendapata,train,1,tunggal,bus-bandara-soetta-disetop-pendapata
Bus-boarder-2-e1555851835468,train,1,tunggal,Bus-boarder-2-e1555851835468
Bus-Damri-1-768x480,train,1,tunggal,Bus-Damri-1-768x480
Bus-Damri-Bandara-Juanda-696x383,train,1,tunggal,Bus-Damri-Bandara-Juanda-696x383
Bus-Damri-Bandara-Kulon-Progo-YIA,train,1,tunggal,Bus-Damri-Bandara-Kulon-Progo-YIA-10
bus-damri-bandara,train,1,tunggal,bus-damri-bandara
bus-damri-eksekutif_20180404,train,1,tunggal,bus-damri-eksekutif_20180404_132146
bus-damri-hotel,train,1,tunggal,bus-damri-hotel
bus-damri-kota-bandung,train,1,tunggal,bus-damri-kota-bandung
Bus-DAMRI-Samarinda,train,1,tunggal,Bus-DAMRI-Samarinda
Bus-Damri-Trans-Mataram-widiodono_b,train,1,tunggal,Bus-Damri-Trans-Mataram-widiodono_b
Bus-Damri2233,train,1,tunggal,Bus-Damri2233
bus-di-jakarta,train,1,tunggal,bus-di-jakarta
BUS-INDONESIA-1-26-X-ETS2-768x431,train,1,tunggal,BUS-INDONESIA-1-26-X-ETS2-768x431
Bus-lane-at-May-Street,train,1,tunggal,Bus-lane-at-May-Street
bus-listrik-indonesia,train,1,tunggal,bus-listrik-indonesia
BUS-PATAS-INDONESIA,train,1,tunggal,BUS-PATAS-INDONESIA
bus-premium-Ini-5-Daftar-Bus-Premium,train,1,tunggal,bus-premium-Ini-5-Daftar-Bus-Premium
Bus-Raya,train,1,tunggal,Bus-Raya
bus-shelter-clark-nexsen,train,1,tunggal,bus-shelter-clark-nexsen
Bus-Station-Wallpaper-1080p,train,1,tunggal,Bus-Station-Wallpaper-1080p
bus-station,train,1,tunggal,bus-station
bus-wisata2,train,1,tunggal,bus-wisata2
bus-wrap,train,1,tunggal,bus-wrap-1
bus19,train,1,tunggal,bus19
bus_PNG8623,train,1,tunggal,bus_PNG8623
bus_suburjaya_Bl-rEszl6b_,train,1,tunggal,bus_suburjaya_Bl-rEszl6b_
buz,train,1,tunggal,buz
c28552fd-ead4-4f25-a8ec-cc5e22391208,train,1,tunggal,c28552fd-ead4-4f25-a8ec-cc5e22391208
cars_23051_mitsubishi_l300_2015,train,1,tunggal,cars_23051_mitsubishi_l300_2015_2305
cata-bus,train,1,tunggal,cata-bus
cBdKihjh1Us6DwCV5JAjZObUkO35P3lPxkjq,train,1,tunggal,cBdKihjh1Us6DwCV5JAjZObUkO35P3lPxkjq
cbf0pa41ri1377dosiuq,train,1,tunggal,cbf0pa41ri1377dosiuq
cf4a6eb92892cff4e6981617e10a017c-bu,train,1,tunggal,cf4a6eb92892cff4e6981617e10a017c-bu
chiang-mai-thailand-september-privat,train,1,tunggal,chiang-mai-thailand-september-privat
chiangmai-thailand-march-mitsubishi-,train,1,tunggal,chiangmai-thailand-march-mitsubishi-
chl-64t0213zbko1ajdvw5b9original,train,1,tunggal,chl-64t0213zbko1ajdvw5b9original
CIMG3759,train,1,tunggal,CIMG3759-2
City_sightseeing_buses_in_long_stree,train,1,tunggal,City_sightseeing_buses_in_long_stree
com-carbusindonesiabussid-bussimulat,train,1,tunggal,com-carbusindonesiabussid-bussimulat
content_Pyongyang_Trolley-bus_-Choll,train,1,tunggal,content_Pyongyang_Trolley-bus_-Choll
cq5dam-web-1280,train,1,tunggal,cq5dam-web-1280-1280
Crane-Truck-Mitsubishi-Fuso-Turbo-Di,train,1,tunggal,Crane-Truck-Mitsubishi-Fuso-Turbo-Di
crossway-2,train,1,tunggal,crossway-2-1282
Cutting-Sticker-gambar-printing-Truk,train,1,tunggal,Cutting-Sticker-gambar-printing-Truk
cutting-sticker-truck-canter-bak-ung,train,1,tunggal,cutting-sticker-truck-canter-bak-ung
cutting-sticker-truck-canter-kombina,train,1,tunggal,cutting-sticker-truck-canter-kombina
Cutting-Sticker-Truck-Canter-Kuning,train,1,tunggal,Cutting-Sticker-Truck-Canter-Kuning-1
Cutting-sticker-truck-canter-kuning,train,1,tunggal,Cutting-sticker-truck-canter-kuning-2
Cutting-sticker-truck-canter-kuning-,train,1,tunggal,Cutting-sticker-truck-canter-kuning-
Cutting-Sticker-Truk-Canter-Kuning-K,train,1,tunggal,Cutting-Sticker-Truk-Canter-Kuning-K
Cutting-Sticker-Truk-Canter-Variasi-,train,1,tunggal,Cutting-Sticker-Truk-Canter-Variasi-
d15a019bc31a4cb9310981c3549992ec,train,1,tunggal,d15a019bc31a4cb9310981c3549992ec
dam,train,1,tunggal,dam
DAMRI-1,train,1,tunggal,DAMRI-1-1
damri-1,train,1,tunggal,damri-1-2
DAMRI-2,train,1,tunggal,DAMRI-2-1
damri-2Bbus-2Bbandara-2Bsoeta-2B,train,1,tunggal,damri-2Bbus-2Bbandara-2Bsoeta-2B
Damri-2Bke-2Bbandara-2BKertajati,train,1,tunggal,Damri-2Bke-2Bbandara-2BKertajati
Damri-2BPontianak-2BSingkawang,train,1,tunggal,Damri-2BPontianak-2BSingkawang
damri-2Bpurwakarta-2Bke-2Bbandara-2B,train,1,tunggal,damri-2Bpurwakarta-2Bke-2Bbandara-2B-1
Damri-2BSukabumi-2BBandara-2BSoekarn,train,1,tunggal,Damri-2BSukabumi-2BBandara-2BSoekarn
Damri-2BSurabaya,train,1,tunggal,Damri-2BSurabaya
damri-2BT2-2BJuanda-2B-25283,train,1,tunggal,damri-2BT2-2BJuanda-2B-25283-2529
Damri-630x420,train,1,tunggal,Damri-630x420
damri-696x391,train,1,tunggal,damri-696x391
damri-768x434,train,1,tunggal,damri-768x434
Damri-Bandara,train,1,tunggal,Damri-Bandara-2
Damri-Bandara-di-Gambir,train,1,tunggal,Damri-Bandara-di-Gambir
damri-bandara,train,1,tunggal,damri-bandara
damri-bisnis_20150629,train,1,tunggal,damri-bisnis_20150629_191329
damri-bus,train,1,tunggal,damri-bus
damri-lampung_20150515,train,1,tunggal,damri-lampung_20150515_185959
damri-listrik,train,1,tunggal,damri-listrik
DAMRI-tempoe-doeloe,train,1,tunggal,DAMRI-tempoe-doeloe-1
damri-trans-padang,train,1,tunggal,damri-trans-padang-1
damri22,train,1,tunggal,damri22
damri535897280,train,1,tunggal,damri535897280
dari-bbm-bus-damri-dikonversi-jadi-l,train,1,tunggal,dari-bbm-bus-damri-dikonversi-jadi-l
dca1a4f2-be7b-4532-90f4-3a5f41890bb0,train,1,tunggal,dca1a4f2-be7b-4532-90f4-3a5f41890bb0
Delivery-Moving-Straight-Box-Truc,train,1,tunggal,Delivery-Moving-Straight-Box-Truc-1
Double-Floor-Bus-in-London-wallpaper,train,1,tunggal,Double-Floor-Bus-in-London-wallpaper
DSC,train,1,tunggal,DSC_0143
DSC_0209-1050x591,train,1,tunggal,DSC_0209-1050x591
DSC_4353-e1559667240877,train,1,tunggal,DSC_4353-e1559667240877
dscn5949_1-27,train,1,tunggal,dscn5949_1-27-2012
dscn8590_9-25,train,1,tunggal,dscn8590_9-25-2012
Elite-7-Large,train,1,tunggal,Elite-7-Large
ets2-mitsubishi-fuso-supergreat-truc,train,1,tunggal,ets2-mitsubishi-fuso-supergreat-truc
ets2_00027_ModLandNet,train,1,tunggal,ets2_00027_ModLandNet_4
f23d879b06855fff25a49736ff70a859,train,1,tunggal,f23d879b06855fff25a49736ff70a859
FB_IMG,train,1,tunggal,FB_IMG_1609407464673
FirstSpirit_1596549623817CeTrax-Aufm,train,1,tunggal,FirstSpirit_1596549623817CeTrax-Aufm
FK417E,train,1,tunggal,FK417E-001
Foto-2BBis-2BDAMRI-2BPhoenix-2BGX,train,1,tunggal,Foto-2BBis-2BDAMRI-2BPhoenix-2BGX
Foto-bus-tampak-dari-luar,train,1,tunggal,Foto-bus-tampak-dari-luar
FullSizeRender,train,1,tunggal,FullSizeRender_3
fuso-34tb,train,1,tunggal,fuso-34tb
FUSO-6D24-2006-TRUCK_HEAD,train,1,tunggal,FUSO-6D24-2006-TRUCK_HEAD_-22-
gambar-20200102,train,1,tunggal,gambar-20200102_925154
GILLIG-bus-for-Newsroom-Banner-1024x,train,1,tunggal,GILLIG-bus-for-Newsroom-Banner-1024x
GO_Bus,train,1,tunggal,GO_Bus-1200
green502,train,1,tunggal,green502-140719
Greyhound-bus,train,1,tunggal,Greyhound-bus-1
Hamim-2BMaulana,train,1,tunggal,Hamim-2BMaulana
harga-tiket-bus-damri,train,1,tunggal,harga-tiket-bus-damri
Harga-tiket-Damri-Jakarta-keposiasi-,train,1,tunggal,Harga-tiket-Damri-Jakarta-keposiasi-
Harga-Tiket-Damri-Jambi-damricoid,train,1,tunggal,Harga-Tiket-Damri-Jambi-damricoid
hi-edm-greyhound-852-cp,train,1,tunggal,hi-edm-greyhound-852-cp-7257820
ilustrasi-armada-damri,train,1,tunggal,ilustrasi-armada-damri
Image-3-BusDriverJade-Y717-TOH-1024x,train,1,tunggal,Image-3-BusDriverJade-Y717-TOH-1024x
IMG-20170508-WA0014,train,1,tunggal,IMG-20170508-WA0014
IMG-20190701-WA0000,train,1,tunggal,IMG-20190701-WA0000
img-20200305-wa00143333,train,1,tunggal,img-20200305-wa00143333
IMG00629-20120326,train,1,tunggal,IMG00629-20120326-1451
IMG02301-20120407,train,1,tunggal,IMG02301-20120407-1229
IMG20160228172337,train,1,tunggal,IMG20160228172337
IMG20160718054152,train,1,tunggal,IMG20160718054152
img20171128141346,train,1,tunggal,img20171128141346
IMG20190211170141,train,1,tunggal,IMG20190211170141
IMG_20150904,train,1,tunggal,IMG_20150904_105431
IMG_20151014,train,1,tunggal,IMG_20151014_115833
IMG_20151023_053958_scaled,train,1,tunggal,IMG_20151023_053958_scaled
IMG_2431_2048x2048w,train,1,tunggal,IMG_2431_2048x2048w
Impression-exterior-design-Arriva-Da,train,1,tunggal,Impression-exterior-design-Arriva-Da
indonesia_bus-58ae9d1f5f9b58a3c9cbca,train,1,tunggal,indonesia_bus-58ae9d1f5f9b58a3c9cbca
Ini-5-Bus-Angkutan-Umum-Termewah-di-,train,1,tunggal,Ini-5-Bus-Angkutan-Umum-Termewah-di-
irsyadputrakaroseri_20210128,train,1,tunggal,irsyadputrakaroseri_20210128_4
jadwal-2Bdamri-2Bbandung-2Bindramayu,train,1,tunggal,jadwal-2Bdamri-2Bbandung-2Bindramayu
Jadwal-2BKeberangkatan-2BBus-2Bdamri,train,1,tunggal,Jadwal-2BKeberangkatan-2BBus-2Bdamri
jadwal-bus-damri-bandara-seokarno-ha,train,1,tunggal,jadwal-bus-damri-bandara-seokarno-ha
jadwal-bus-damri-bandara-supadio-ke-,train,1,tunggal,jadwal-bus-damri-bandara-supadio-ke-
jadwal-bus-damri-gambir-kotabumi,train,1,tunggal,jadwal-bus-damri-gambir-kotabumi
jadwal-bus-damri-kemayoran-purworejo,train,1,tunggal,jadwal-bus-damri-kemayoran-purworejo
jadwal-bus-damri-semarang,train,1,tunggal,jadwal-bus-damri-semarang
jadwal-bus-damri-solo-jakarta-630x38,train,1,tunggal,jadwal-bus-damri-solo-jakarta-630x38
jadwal-damri-bandara-karawaci,train,1,tunggal,jadwal-damri-bandara-karawaci
jadwal-damri-bandara-karawang-barat,train,1,tunggal,jadwal-damri-bandara-karawang-barat
jadwal-damri-bandara-merak,train,1,tunggal,jadwal-damri-bandara-merak
jadwal-damri-bandara-rawamangun,train,1,tunggal,jadwal-damri-bandara-rawamangun
jadwal-damri-brebes-jakarta-630x380,train,1,tunggal,jadwal-damri-brebes-jakarta-630x380
jadwal-damri-gambir-bandar-lampung,train,1,tunggal,jadwal-damri-gambir-bandar-lampung
jadwal-damri-gambir-rumbia,train,1,tunggal,jadwal-damri-gambir-rumbia
jadwal-damri-gambir-simpang-randu,train,1,tunggal,jadwal-damri-gambir-simpang-randu
jadwal-damri-gayabaru-gambir-jakarta,train,1,tunggal,jadwal-damri-gayabaru-gambir-jakarta
jadwal-damri-karawang-bandara,train,1,tunggal,jadwal-damri-karawang-bandara
jadwal-damri-kebumen-jakarta,train,1,tunggal,jadwal-damri-kebumen-jakarta
jadwal-damri-kotabumi-gambir-jakarta,train,1,tunggal,jadwal-damri-kotabumi-gambir-jakarta
jadwal-damri-purwokerto-jakarta-630x,train,1,tunggal,jadwal-damri-purwokerto-jakarta-630x
jadwal-damri-sukadana-gambir-jakarta,train,1,tunggal,jadwal-damri-sukadana-gambir-jakarta
k6cBjVZqR5aixX0X56pkOA,train,1,tunggal,k6cBjVZqR5aixX0X56pkOA
Keltruck-2a_amd-768x512,train,1,tunggal,Keltruck-2a_amd-768x512
Landing-image-template-1024x683,train,1,tunggal,Landing-image-template-1024x683
London-Panorama-Bus-Tour,train,1,tunggal,London-Panorama-Bus-Tour-2
MAN_30_03,train,1,tunggal,MAN_30_03_2021
mitsubishi-canter-339fdca1,train,1,tunggal,mitsubishi-canter-339fdca1
mitsubishi-fuso-cab-over-diesel-12-s,train,1,tunggal,mitsubishi-fuso-cab-over-diesel-12-s
mitsubishi-fuso-canter-4x4-chassis-t,train,1,tunggal,mitsubishi-fuso-canter-4x4-chassis-t
mitsubishi-fuso-canter-fg-dump-truck,train,1,tunggal,mitsubishi-fuso-canter-fg-dump-truck
mitsubishi-fuso-fe180-diesel-20ft-bo,train,1,tunggal,mitsubishi-fuso-fe180-diesel-20ft-bo
mitsubishi-fuso-fighter-962c80103b,train,1,tunggal,mitsubishi-fuso-fighter-962c80103b
MITSUBISHI-FUSO-SUPER-GREAT-V-BETA-V,train,1,tunggal,MITSUBISHI-FUSO-SUPER-GREAT-V-BETA-V
mitsubishi-fuso-truck-64f23fb463_t,train,1,tunggal,mitsubishi-fuso-truck-64f23fb463_t
mitsubishi-fuso-truck-dbcd4d269d,train,1,tunggal,mitsubishi-fuso-truck-dbcd4d269d
Mitsubishi-Fuso-Truck-of-America,train,1,tunggal,Mitsubishi-Fuso-Truck-of-America
mitsubishi-refrigerated-trucks-cante,train,1,tunggal,mitsubishi-refrigerated-trucks-cante
MlvYs6BTcGdEVk9aRfKncj5Hq4-eOzTgvTe8,train,1,tunggal,MlvYs6BTcGdEVk9aRfKncj5Hq4-eOzTgvTe8
modifikasi-2Btruk-2Bcanter-2Bterbaru,train,1,tunggal,modifikasi-2Btruk-2Bcanter-2Bterbaru
modifikasi-2Btruk-2Bdan-2Bvariasi,train,1,tunggal,modifikasi-2Btruk-2Bdan-2Bvariasi
Modifikasi-cutting-sticker-truck-can,train,1,tunggal,Modifikasi-cutting-sticker-truck-can
Modifikasi-Truk-Canter-Jawa,train,1,tunggal,Modifikasi-Truk-Canter-Jawa-3
Modifikasi-Truk-Ragasa,train,1,tunggal,Modifikasi-Truk-Ragasa
N73_VLW101,train,1,tunggal,N73_VLW101
New-2BShantika-2B2,train,1,tunggal,New-2BShantika-2B2
New-Flyer-av-slider-a-4-1024x656,train,1,tunggal,New-Flyer-av-slider-a-4-1024x656
old-private-mitsubishi-fuso-dump-tru,train,1,tunggal,old-private-mitsubishi-fuso-dump-tru-2
On-the-edge-of-the-moors-at-Illingwo,train,1,tunggal,On-the-edge-of-the-moors-at-Illingwo
OTS-thumbnail-1024x576,train,1,tunggal,OTS-thumbnail-1024x576
P2P-bus-services-Iloilo-Business-Par,train,1,tunggal,P2P-bus-services-Iloilo-Business-Par
Photo0109,train,1,tunggal,Photo0109
PICT0304,train,1,tunggal,PICT0304
pl20751532-sinotruk_homan_4x2_10_ton,train,1,tunggal,pl20751532-sinotruk_homan_4x2_10_ton
sg_vehicles-17366,train,1,tunggal,sg_vehicles-17366-1
show,train,1,tunggal,show_800
sold-19-12-12-1120192a,train,1,tunggal,sold-19-12-12-1120192a
T101,train,1,tunggal,T101
T102,train,1,tunggal,T102
T11,train,1,tunggal,T11
T13,train,1,tunggal,T13
T15,train,1,tunggal,T15
T16,train,1,tunggal,T16
T18,train,1,tunggal,T18
T19,train,1,tunggal,T19
T22,train,1,tunggal,T22
T23,train,1,tunggal,T23
T24,train,1,tunggal,T24
T25,train,1,tunggal,T25
T26,train,1,tunggal,T26
T29,train,1,tunggal,T29
T31,train,1,tunggal,T31
T33,train,1,tunggal,T33
T38,train,1,tunggal,T38
T42,train,1,tunggal,T42
T4,train,1,tunggal,T4
T51,train,1,tunggal,T51
T52,train,1,tunggal,T52
T54,train,1,tunggal,T54
T59,train,1,tunggal,T59
T5,train,1,tunggal,T5
T61,train,1,tunggal,T61
T62,train,1,tunggal,T62
T63,train,1,tunggal,T63
T65,train,1,tunggal,T65
T68,train,1,tunggal,T68
T72,train,1,tunggal,T72
T76,train,1,tunggal,T76
T77,train,1,tunggal,T77
T78,train,1,tunggal,T78
T80,train,1,tunggal,T80
T82,train,1,tunggal,T82
T83,train,1,tunggal,T83
T84,train,1,tunggal,T84
T88,train,1,tunggal,T88
T90,train,1,tunggal,T90
T92,train,1,tunggal,T92
T96,train,1,tunggal,T96
T9,train,1,tunggal,T9
thumb2_3c6f302cc1ac614c6408b3828bc73,train,1,tunggal,thumb2_3c6f302cc1ac614c6408b3828bc73
truk-2Bsawit-2Boleng,train,1,tunggal,truk-2Bsawit-2Boleng
Truk-Foto-ktb-co_-id,train,1,tunggal,Truk-Foto-ktb-co_-id_-2
truk-isuzu-cdd-elf-nk-mobil-isuzu,train,1,tunggal,truk-isuzu-cdd-elf-nk-mobil-isuzu-21
UKTS_Bus_Simulator_Indonesia_PC,train,1,tunggal,UKTS_Bus_Simulator_Indonesia_PC
Untitled-design-60,train,1,tunggal,Untitled-design-60-1
used-2003-mitsubishi-fuso-fe-hd-box-,train,1,tunggal,used-2003-mitsubishi-fuso-fe-hd-box-
used-2013-fuso-box-truck-dutchess-co,train,1,tunggal,used-2013-fuso-box-truck-dutchess-co
WhatsApp-2BImage-2B2017-07-26-2Bat-2,train,1,tunggal,WhatsApp-2BImage-2B2017-07-26-2Bat-2-5
WhatsApp-Image-2020-07-04-at-18-38,train,1,tunggal,WhatsApp-Image-2020-07-04-at-18-38-3
WhatsApp-Image-2021-04-19-at-14-47-0,train,1,tunggal,WhatsApp-Image-2021-04-19-at-14-47-0-1
WhatsApp-Image-2021-04-19-at-14-47,train,1,tunggal,WhatsApp-Image-2021-04-19-at-14-47-0
Winstar-bus,train,1,tunggal,Winstar-bus
X0JQaKT5nA,train,1,tunggal,X0JQaKT5nA
xe-tai-mitsubishi-fuso-canter-12-8,train,1,tunggal,xe-tai-mitsubishi-fuso-canter-12-8-4
YT00640,train,1,tunggal,YT00640_1
Yutong-55-Seats-Used-Bus-Coach-Bus-P,train,1,tunggal,Yutong-55-Seats-Used-Bus-Coach-Bus-P
-_200626220003-827,train,1,tunggal,-_200626220003-827-1
07bus-service2,train,1,tunggal,07bus-service2
1613083111,train,1,tunggal,1613083111
168583,train,1,tunggal,168583-12979673
171,train,1,tunggal,171
2001-mitsubishi-fuso-fe649-diesel,train,1,tunggal,2001-mitsubishi-fuso-fe649-diesel-11
2004-mitsubishi-fh-fuso-cab-and-chas,train,1,tunggal,2004-mitsubishi-fh-fuso-cab-and-chas
2005-mitsubishi-fuso-fm260-24ft-box-,train,1,tunggal,2005-mitsubishi-fuso-fm260-24ft-box-
2012-06-04-13-47,train,1,tunggal,2012-06-04-13-47-36
20121009,train,1,tunggal,20121009_123807
2013-05-28-07-36,train,1,tunggal,2013-05-28-07-36-09
sesi-20191113,train,1,cctv-timestamp,201911134318402
sesi-20200205,train,1,cctv-timestamp,202002056988643
sesi-20200517,train,1,cctv-timestamp,202005179380063
20201120,train,1,tunggal,20201120_115536
sesi-20201128,train,1,cctv-timestamp,202011286568521
sesi-20210119,train,1,cctv-timestamp,202101198128317
sesi-20210216,train,1,cctv-timestamp,202102169117160
sesi-20210219,train,1,cctv-timestamp,202102199229786
sesi-20210303,train,1,cctv-timestamp,202103039712776
sesi-20210406,train,1,cctv-timestamp,202104061036947
23-DAMRI,train,1,tunggal,23-DAMRI
27579953304_0c4b3aef04_b,train,1,tunggal,27579953304_0c4b3aef04_b
380a09c86db812fb0fdb6cff86c477a6,train,1,tunggal,380a09c86db812fb0fdb6cff86c477a6
3,train,1,tunggal,3_58
5a1e37db78f66,train,1,tunggal,5a1e37db78f66
5f2bcc12568b2,train,1,tunggal,5f2bcc12568b2
66036_10151300360847220_625112810_n,train,1,tunggal,66036_10151300360847220_625112810_n
70009039763021090500100,train,1,tunggal,70009039763021090500100
891470400771,train,1,tunggal,891470400771
93a6b99f1e1303ca8e497fc8f2d88957,train,1,tunggal,93a6b99f1e1303ca8e497fc8f2d88957
adl-enviro400h-with-bae-systems-seri,train,1,tunggal,adl-enviro400h-with-bae-systems-seri
bak-truk-modifikasi,train,1,tunggal,bak-truk-modifikasi
bis-2Bwerkudara,train,1,tunggal,bis-2Bwerkudara
bus-2Bdamri-2Bpariwisata-2B082272273,train,1,tunggal,bus-2Bdamri-2Bpariwisata-2B082272273
bus-damri-1,train,1,tunggal,bus-damri-1-1
Bus-DAMRI-istimewa5e06e8ff7aea3430,train,1,tunggal,Bus-DAMRI-istimewa5e06e8ff7aea3430
Bus-Damri-melayani-rute-Jayapura-Sar,train,1,tunggal,Bus-Damri-melayani-rute-Jayapura-Sar
Bus-Damri-Palembang-1024x679,train,1,tunggal,Bus-Damri-Palembang-1024x679
Bus-Jakarta-Explorer,train,1,tunggal,Bus-Jakarta-Explorer
bus-simulator-fi,train,1,tunggal,bus-simulator-fi-1
cardiff-bus,train,1,tunggal,cardiff-bus-3
Cutting-Sticker-full-Truk-Canter-Var,train,1,tunggal,Cutting-Sticker-full-Truk-Canter-Var
Damri-2BLama,train,1,tunggal,Damri-2BLama
DAMRI-3,train,1,tunggal,DAMRI-3-1
Damri,train,1,tunggal,Damri-8
damri-di-stasiun-lrt,train,1,tunggal,damri-di-stasiun-lrt
Damri-I,train,1,tunggal,Damri-I
Damri-Klasik-Kendaraan-Wisata-Dalam-,train,1,tunggal,Damri-Klasik-Kendaraan-Wisata-Dalam-
Damri-Mojokerto-Juanda-Sudah-Beroper,train,1,tunggal,Damri-Mojokerto-Juanda-Sudah-Beroper
damri-terminal-arjosari-sendangbiru_,train,1,tunggal,damri-terminal-arjosari-sendangbiru_
doha-bus,train,1,tunggal,doha-bus
ep3-2Bmashel,train,1,tunggal,ep3-2Bmashel
eut2_hq_5e8817ae,train,1,tunggal,eut2_hq_5e8817ae
Foto0007,train,1,tunggal,Foto0007
IMG_20150312,train,1,tunggal,IMG_20150312_165650
jadwal-bus-damri-lampung-jakarta,train,1,tunggal,jadwal-bus-damri-lampung-jakarta
L72A7236,train,1,tunggal,L72A7236
mitsubishi_fuso_2535998_orig,train,1,tunggal,mitsubishi_fuso_2535998_orig
modifikasi-2Btruk-2Bdan-2Bvariasi-2B,train,1,tunggal,modifikasi-2Btruk-2Bdan-2Bvariasi-2B
Modifikasi-2BTruk-2BIndonesia-2B10,train,1,tunggal,Modifikasi-2BTruk-2BIndonesia-2B10
NINTCHDBPICT000346154006,train,1,tunggal,NINTCHDBPICT000346154006
P1010474,train,1,tunggal,P1010474
P_eBus_eTGE,train,1,tunggal,P_eBus_eTGE
sold-20-09-10-0730193a,train,1,tunggal,sold-20-09-10-0730193a
T100,train,1,tunggal,T100
T12,train,1,tunggal,T12
T14,train,1,tunggal,T14
T17,train,1,tunggal,T17
T32,train,1,tunggal,T32
T3,train,1,tunggal,T3
T43,train,1,tunggal,T43
T47,train,1,tunggal,T47
T48,train,1,tunggal,T48
T53,train,1,tunggal,T53
T55,train,1,tunggal,T55
T56,train,1,tunggal,T56
T57,train,1,tunggal,T57
T58,train,1,tunggal,T58
T60,train,1,tunggal,T60
T66,train,1,tunggal,T66
T67,train,1,tunggal,T67
T69,train,1,tunggal,T69
T6,train,1,tunggal,T6
T70,train,1,tunggal,T70
T73,train,1,tunggal,T73
T79,train,1,tunggal,T79
T81,train,1,tunggal,T81
T8,train,1,tunggal,T8
T93,train,1,tunggal,T93
T94,train,1,tunggal,T94
T95,train,1,tunggal,T95
T97,train,1,tunggal,T97
T99,train,1,tunggal,T99
UT8keW_XfXcXXagOFbXd,train,1,tunggal,UT8keW_XfXcXXagOFbXd
WhatsApp-2BImage-2B2017-07-26-2Bat,train,1,tunggal,WhatsApp-2BImage-2B2017-07-26-2Bat-2
2010-mitsubishi-fuso-26-ft-box-truck,train,1,tunggal,2010-mitsubishi-fuso-26-ft-box-truck
2013-Fuso-Canter-4x4-1,train,1,tunggal,2013-Fuso-Canter-4x4-1-1
2465_da8fe53a59ef60c6eb3ea78b89ee30c,train,1,tunggal,2465_da8fe53a59ef60c6eb3ea78b89ee30c
3576683,train,1,tunggal,3576683_20150827120529
36484_48363,train,1,tunggal,36484_48363_248254
800px-FusoFighter2nd,train,1,tunggal,800px-FusoFighter2nd
ac9bb600-271e-4345-8818-cce699384d6e,train,1,tunggal,ac9bb600-271e-4345-8818-cce699384d6e
Al-Ghubaiba-Bus-Stations,train,1,tunggal,Al-Ghubaiba-Bus-Stations
Baru-Kepala-Emas1,train,1,tunggal,Baru-Kepala-Emas1
bus-2Bdamri-2Bpariwisata5-2Bmedium,train,1,tunggal,bus-2Bdamri-2Bpariwisata5-2Bmedium-2
bus,train,1,tunggal,bus
DAMRI-Brunei,train,1,tunggal,DAMRI-Brunei-001
Damri-U,train,1,tunggal,Damri-U
damri-ultima,train,1,tunggal,damri-ultima
Damri_Surabaya_Banyuwangi,train,1,tunggal,Damri_Surabaya_Banyuwangi
img-20200806,train,1,tunggal,img-20200806-1345571666
IMG20170328052734,train,1,tunggal,IMG20170328052734
jadwal-damri-cilacap-jakarta,train,1,tunggal,jadwal-damri-cilacap-jakarta
MAN-A95-B-Line,train,1,tunggal,MAN-A95-B-Line
mitsubishi-fuso-fighter-44d7e0a36f,train,1,tunggal,mitsubishi-fuso-fighter-44d7e0a36f
mitsubishi_fuso_2552923_orig,train,1,tunggal,mitsubishi_fuso_2552923_orig
modifikasi-2Bbak-2Btruk-2Bcanter,train,1,tunggal,modifikasi-2Bbak-2Btruk-2Bcanter
PhotoPictureResizer_190706_193341020,train,1,tunggal,PhotoPictureResizer_190706_193341020-1
Quester-Tangki-BBM-bertematik_TruckM,train,1,tunggal,Quester-Tangki-BBM-bertematik_TruckM
T10,train,1,tunggal,T10
T20,train,1,tunggal,T20
T35,train,1,tunggal,T35
T37,train,1,tunggal,T37
T45,train,1,tunggal,T45
T64,train,1,tunggal,T64
T7,train,1,tunggal,T7
T89,train,1,tunggal,T89
Transjakarta-Bus,train,1,tunggal,Transjakarta-Bus
YIYzEUhXWShtyxR-1600x900-noPad,train,1,tunggal,YIYzEUhXWShtyxR-1600x900-noPad
ZhongTong,train,1,tunggal,ZhongTong
Image,valid,161,tunggal,Image_013192
video-1138x642,valid,105,frame-video,frame_000000
video-1144x642,valid,97,frame-video,frame_000000
night-traffic-8_mp4,valid,65,tunggal,night-traffic-8_mp4-0000
gol5,valid,58,tunggal,gol5_10
video-1280x720,valid,50,frame-video,frame_000010
night-traffic-12_mp4,valid,34,tunggal,night-traffic-12_mp4-0000
sesi-20210130,valid,4,cctv-timestamp,202101308505080
sesi-20210203,valid,4,cctv-timestamp,202102038642374
sesi-20210312,valid,4,cctv-timestamp,202103120051617
sesi-20210322,valid,4,cctv-timestamp,202103220444249
sesi-20180208,valid,3,cctv-timestamp,201802083530877
sesi-20201120,valid,3,cctv-timestamp,202011206323102
sesi-20210108,valid,3,cctv-timestamp,202101087755642
sesi-20210308,valid,3,cctv-timestamp,202103089871151
sesi-20210309,valid,3,cctv-timestamp,202103099926100
sesi-20210317,valid,3,cctv-timestamp,202103170252826
sesi-20210331,valid,3,cctv-timestamp,202103310811847
sesi-20210408,valid,3,cctv-timestamp,202104081105471
sesi-20210417,valid,3,cctv-timestamp,202104171475819
sesi-20210421,valid,3,cctv-timestamp,202104211628852
Cutting-Sticker-Truk-Canter-Variasi,valid,3,tunggal,Cutting-Sticker-Truk-Canter-Variasi-1
damri,valid,3,tunggal,damri-10
Mitsubishi-Fuso_mp36_pic,valid,3,tunggal,Mitsubishi-Fuso_mp36_pic_105517
2005-mitsubishi-fuso-fm260-24ft-box,valid,2,tunggal,2005-mitsubishi-fuso-fm260-24ft-box-2
2012-mitsubishi-fuso-fe160-16ft-dump,valid,2,tunggal,2012-mitsubishi-fuso-fe160-16ft-dump-1
sesi-20201023,valid,2,cctv-timestamp,202010235351057
sesi-20201029,valid,2,cctv-timestamp,202010295584564
sesi-20201209,valid,2,cctv-timestamp,202012096922082
sesi-20210120,valid,2,cctv-timestamp,202101208162338
sesi-20210126,valid,2,cctv-timestamp,202101268351623
sesi-20210204,valid,2,cctv-timestamp,202102048687441
sesi-20210306,valid,2,cctv-timestamp,202103069805244
sesi-20210324,valid,2,cctv-timestamp,202103240540837
sesi-20210326,valid,2,cctv-timestamp,202103260609081
sesi-20210327,valid,2,cctv-timestamp,202103270646404
sesi-20210329,valid,2,cctv-timestamp,202103290714143
sesi-20210415,valid,2,cctv-timestamp,202104151394763
autonomous-bus,valid,2,tunggal,autonomous-bus-3
bus-damri,valid,2,tunggal,bus-damri-7
bus-damri-mojokerto-juanda,valid,2,tunggal,bus-damri-mojokerto-juanda
Cutting-Sticker-Truck-Canter-Hijau-T,valid,2,tunggal,Cutting-Sticker-Truck-Canter-Hijau-T-1
DAMRI,valid,2,tunggal,DAMRI-1
download-game-simulasi-mengemudikan-,valid,2,tunggal,download-game-simulasi-mengemudikan-
gambar-20200225_zT2210,valid,2,tunggal,gambar-20200225_zT2210
images,valid,2,tunggal,images_49
img,valid,2,tunggal,img_4753
jadwal-bus-damri-jakarta-bandung,valid,2,tunggal,jadwal-bus-damri-jakarta-bandung
Sejarah-Palkun,valid,2,tunggal,Sejarah-Palkun-2
2018_07_16_49373_1531739307-_large,valid,1,tunggal,2018_07_16_49373_1531739307-_large
sesi-20200211,valid,1,cctv-timestamp,202002117212341
500th-BYD-ADL-electric-bus-1-resized,valid,1,tunggal,500th-BYD-ADL-electric-bus-1-resized
pl22530647-yellow_color_sinotruk_6x4,valid,1,tunggal,pl22530647-yellow_color_sinotruk_6x4
